image_path,cluster_label,row_idx,prob_usable
/home/wangqianqian/project/FS/data/13JM+CAOV3+MNT1/01/32/cell_1763026373029_912349010008_741_0000.png,6,20128,0.008
/home/wangqianqian/project/FS/data/13JM+CAOV3+MNT1/19/20/cell_1763090418034_912349010008_15759_0000.png,4,38461,0.012
/home/wangqianqian/project/FS/data/13JM+CAOV3+MNT1/19/14/cell_1763090090570_912349010008_7285_0000.png,4,26998,0.012
/home/wangqianqian/project/FS/data/13JM+CAOV3+MNT1/19/20/cell_1763090424952_912349010008_15932_0000.png,4,38695,0.016
/home/wangqianqian/project/FS/data/13JM+CAOV3+MNT1/19/14/cell_1763090056302_912349010008_5447_0000.png,6,24727,0.016
/home/wangqianqian/project/FS/data/13JM+CAOV3+MNT1/01/07/cell_1763024821673_912349010008_2380_0100.png,1,13200,0.017
/home/wangqianqian/project/FS/data/13JM+CAOV3+MNT1/01/11/cell_1763025063080_912349010008_3818_0100.png,0,15395,0.017
/home/wangqianqian/project/FS/data/13JM+CAOV3+MNT1/19/13/cell_1763090038825_912349010008_4622_0100.png,16,23718,0.017
/home/wangqianqian/project/FS/data/13JM+CAOV3+MNT1/19/20/cell_1763090426715_912349010008_15992_0000.png,2,38778,0.017
/home/wangqianqian/project/FS/data/13JM+CAOV3+MNT1/19/13/cell_1763090012087_912349010008_3782_0000.png,9,22620,0.017
/home/wangqianqian/project/FS/data/13JM+CAOV3+MNT1/19/19/cell_1763090354444_912349010008_14108_0100.png,4,36280,0.017
/home/wangqianqian/project/FS/data/13JM+CAOV3+MNT1/19/19/cell_1763090382065_912349010008_14672_0000.png,2,37022,0.018
/home/wangqianqian/project/FS/data/13JM+CAOV3+MNT1/01/11/cell_1763025068197_912349010008_3860_0100.png,17,15457,0.018
/home/wangqianqian/project/FS/data/13JM+CAOV3+MNT1/01/04/cell_1763024685178_912349010008_1607_0000.png,0,12011,0.018
/home/wangqianqian/project/FS/data/13JM+CAOV3+MNT1/00/39/cell_1763023143872_912349010008_3947_0100.png,0,4801,0.019
/home/wangqianqian/project/FS/data/13JM+CAOV3+MNT1/00/45/cell_1763023503038_912349010008_5617_0000.png,15,7446,0.019
/home/wangqianqian/project/FS/data/13JM+CAOV3+MNT1/01/11/cell_1763025092997_912349010008_4001_0000.png,0,15671,0.019
/home/wangqianqian/project/FS/data/13JM+CAOV3+MNT1/00/33/cell_1763022824349_912349010008_2546_0100.png,0,2627,0.019
/home/wangqianqian/project/FS/data/13JM+CAOV3+MNT1/19/17/cell_1763090255698_912349010008_11627_0000.png,4,32898,0.019
/home/wangqianqian/project/FS/data/13JM+CAOV3+MNT1/19/22/cell_1763090553720_912349010008_19321_0000.png,4,43166,0.019
/home/wangqianqian/project/FS/data/13JM+CAOV3+MNT1/19/16/cell_1763090189692_912349010008_9912_0000.png,12,30587,0.0199999999999999
/home/wangqianqian/project/FS/data/13JM+CAOV3+MNT1/19/20/cell_1763090416070_912349010008_15721_0000.png,3,38406,0.0199999999999999
/home/wangqianqian/project/FS/data/13JM+CAOV3+MNT1/19/14/cell_1763090080575_912349010008_7036_0100.png,12,26658,0.0199999999999999
/home/wangqianqian/project/FS/data/13JM+CAOV3+MNT1/01/16/cell_1763025370300_912349010008_5982_0000.png,17,18666,0.02
/home/wangqianqian/project/FS/data/13JM+CAOV3+MNT1/19/14/cell_1763090058543_912349010008_5826_0000.png,6,25118,0.02
/home/wangqianqian/project/FS/data/13JM+CAOV3+MNT1/19/21/cell_1763090477024_912349010008_17245_0000.png,12,40433,0.02
/home/wangqianqian/project/FS/data/13JM+CAOV3+MNT1/19/24/cell_1763090641296_912349010008_21855_0100.png,16,46639,0.02
/home/wangqianqian/project/FS/data/13JM+CAOV3+MNT1/19/16/cell_1763090205669_912349010008_10366_0000.png,12,31213,0.02
/home/wangqianqian/project/FS/data/13JM+CAOV3+MNT1/19/17/cell_1763090269079_912349010008_11990_0000.png,16,33390,0.02
/home/wangqianqian/project/FS/data/13JM+CAOV3+MNT1/00/31/cell_1763022660700_912349010008_1925_0000.png,0,1642,0.0209999999999999
/home/wangqianqian/project/FS/data/13JM+CAOV3+MNT1/19/13/cell_1763090008156_912349010008_3626_0000.png,16,22418,0.0209999999999999
/home/wangqianqian/project/FS/data/13JM+CAOV3+MNT1/19/15/cell_1763090118030_912349010008_8078_0000.png,1,28066,0.021
/home/wangqianqian/project/FS/data/13JM+CAOV3+MNT1/00/47/cell_1763023648258_912349010008_6349_0000.png,0,8612,0.021
/home/wangqianqian/project/FS/data/13JM+CAOV3+MNT1/19/14/cell_1763090058619_912349010008_5857_0000.png,12,25149,0.022
/home/wangqianqian/project/FS/data/13JM+CAOV3+MNT1/01/10/cell_1763025035963_912349010008_3604_0100.png,0,15081,0.022
/home/wangqianqian/project/FS/data/13JM+CAOV3+MNT1/19/17/cell_1763090227579_912349010008_10881_0000.png,4,31886,0.022
/home/wangqianqian/project/FS/data/13JM+CAOV3+MNT1/00/49/cell_1763023774401_912349010008_7155_0000.png,0,9838,0.022
/home/wangqianqian/project/FS/data/13JM+CAOV3+MNT1/19/17/cell_1763090237594_912349010008_11152_0000.png,4,32252,0.022
/home/wangqianqian/project/FS/data/13JM+CAOV3+MNT1/00/28/cell_1763022495290_912349010008_1357_0100.png,0,739,0.023
/home/wangqianqian/project/FS/data/13JM+CAOV3+MNT1/19/14/cell_1763090086283_912349010008_7163_0100.png,9,26824,0.023
/home/wangqianqian/project/FS/data/13JM+CAOV3+MNT1/19/21/cell_1763090469119_912349010008_16989_0100.png,4,40108,0.023
/home/wangqianqian/project/FS/data/13JM+CAOV3+MNT1/19/14/cell_1763090063342_912349010008_6196_0100.png,9,25584,0.023
/home/wangqianqian/project/FS/data/13JM+CAOV3+MNT1/19/14/cell_1763090063103_912349010008_6124_0000.png,16,25500,0.023
/home/wangqianqian/project/FS/data/13JM+CAOV3+MNT1/19/17/cell_1763090248611_912349010008_11437_0100.png,14,32631,0.023
/home/wangqianqian/project/FS/data/13JM+CAOV3+MNT1/00/32/cell_1763022754604_912349010008_2308_0000.png,15,2244,0.023
/home/wangqianqian/project/FS/data/13JM+CAOV3+MNT1/19/21/cell_1763090504042_912349010008_17939_0000.png,16,41347,0.024
/home/wangqianqian/project/FS/data/13JM+CAOV3+MNT1/19/18/cell_1763090330222_912349010008_13458_0100.png,16,35379,0.024
/home/wangqianqian/project/FS/data/13JM+CAOV3+MNT1/01/04/cell_1763024643158_912349010008_1299_0100.png,0,11572,0.024
/home/wangqianqian/project/FS/data/13JM+CAOV3+MNT1/01/16/cell_1763025387468_912349010008_6056_0000.png,15,18785,0.024
/home/wangqianqian/project/FS/data/13JM+CAOV3+MNT1/01/06/cell_1763024774967_912349010008_2119_0000.png,0,12794,0.024
/home/wangqianqian/project/FS/data/13JM+CAOV3+MNT1/19/14/cell_1763090063802_912349010008_6327_0000.png,6,25750,0.024
/home/wangqianqian/project/FS/data/13JM+CAOV3+MNT1/01/10/cell_1763025053921_912349010008_3760_0000.png,3,15306,0.025
/home/wangqianqian/project/FS/data/13JM+CAOV3+MNT1/19/22/cell_1763090571973_912349010008_19859_0000.png,16,43906,0.025
/home/wangqianqian/project/FS/data/13JM+CAOV3+MNT1/19/16/cell_1763090207159_912349010008_10411_0100.png,2,31267,0.025
/home/wangqianqian/project/FS/data/13JM+CAOV3+MNT1/19/18/cell_1763090304359_912349010008_12729_0000.png,9,34390,0.025
/home/wangqianqian/project/FS/data/13JM+CAOV3+MNT1/01/14/cell_1763025254757_912349010008_5130_0100.png,0,17361,0.025
/home/wangqianqian/project/FS/data/13JM+CAOV3+MNT1/00/51/cell_1763023871880_912349010008_7639_0000.png,3,10593,0.025
/home/wangqianqian/project/FS/data/13JM+CAOV3+MNT1/00/32/cell_1763022772732_912349010008_2362_0100.png,1,2330,0.025
/home/wangqianqian/project/FS/data/13JM+CAOV3+MNT1/19/18/cell_1763090336834_912349010008_13666_0100.png,4,35672,0.025
/home/wangqianqian/project/FS/data/13JM+CAOV3+MNT1/19/22/cell_1763090535922_912349010008_18786_0000.png,4,42478,0.025
/home/wangqianqian/project/FS/data/13JM+CAOV3+MNT1/00/37/cell_1763023048442_912349010008_3477_0100.png,0,4081,0.025
/home/wangqianqian/project/FS/data/13JM+CAOV3+MNT1/19/17/cell_1763090263602_912349010008_11842_0100.png,3,33184,0.025
/home/wangqianqian/project/FS/data/13JM+CAOV3+MNT1/19/14/cell_1763090050483_912349010008_4897_0100.png,12,24086,0.026
/home/wangqianqian/project/FS/data/13JM+CAOV3+MNT1/19/17/cell_1763090253648_912349010008_11569_0000.png,14,32817,0.026
/home/wangqianqian/project/FS/data/13JM+CAOV3+MNT1/00/42/cell_1763023356317_912349010008_4898_0000.png,0,6312,0.026
/home/wangqianqian/project/FS/data/13JM+CAOV3+MNT1/01/33/cell_1763026391291_912349010008_798_0000.png,0,20213,0.026
/home/wangqianqian/project/FS/data/13JM+CAOV3+MNT1/19/14/cell_1763090056235_912349010008_5430_0000.png,16,24707,0.026
/home/wangqianqian/project/FS/data/13JM+CAOV3+MNT1/19/15/cell_1763090139118_912349010008_8693_0000.png,16,28898,0.026
/home/wangqianqian/project/FS/data/13JM+CAOV3+MNT1/01/10/cell_1763025005312_912349010008_3441_0000.png,6,14843,0.026
/home/wangqianqian/project/FS/data/13JM+CAOV3+MNT1/19/14/cell_1763090056222_912349010008_5420_0100.png,9,24693,0.026
/home/wangqianqian/project/FS/data/13JM+CAOV3+MNT1/01/31/cell_1763026296565_912349010008_357_0100.png,0,19589,0.026
/home/wangqianqian/project/FS/data/13JM+CAOV3+MNT1/01/12/cell_1763025150669_912349010008_4363_0000.png,18,16211,0.026
/home/wangqianqian/project/FS/data/13JM+CAOV3+MNT1/19/15/cell_1763090109288_912349010008_7832_0000.png,4,27726,0.0269999999999999
/home/wangqianqian/project/FS/data/13JM+CAOV3+MNT1/00/48/cell_1763023704118_912349010008_6753_0000.png,2,9206,0.027
/home/wangqianqian/project/FS/data/13JM+CAOV3+MNT1/19/12/cell_1763089975090_912349010008_2700_0000.png,9,21172,0.027
/home/wangqianqian/project/FS/data/13JM+CAOV3+MNT1/19/16/cell_1763090168478_912349010008_9377_0100.png,6,29853,0.027
/home/wangqianqian/project/FS/data/13JM+CAOV3+MNT1/19/12/cell_1763089971003_912349010008_2655_0000.png,4,21110,0.027
/home/wangqianqian/project/FS/data/13JM+CAOV3+MNT1/19/19/cell_1763090391509_912349010008_15014_0000.png,4,37476,0.027
/home/wangqianqian/project/FS/data/13JM+CAOV3+MNT1/19/21/cell_1763090477049_912349010008_17246_0000.png,4,40434,0.027
/home/wangqianqian/project/FS/data/13JM+CAOV3+MNT1/00/47/cell_1763023636443_912349010008_6249_0100.png,0,8455,0.027
/home/wangqianqian/project/FS/data/13JM+CAOV3+MNT1/19/14/cell_1763090078716_912349010008_7000_0000.png,4,26612,0.027
/home/wangqianqian/project/FS/data/13JM+CAOV3+MNT1/19/22/cell_1763090539498_912349010008_18910_0000.png,16,42642,0.027
/home/wangqianqian/project/FS/data/13JM+CAOV3+MNT1/00/30/cell_1763022636108_912349010008_1827_0000.png,0,1485,0.027
/home/wangqianqian/project/FS/data/13JM+CAOV3+MNT1/19/13/cell_1763089992758_912349010008_3032_0000.png,16,21619,0.027
/home/wangqianqian/project/FS/data/13JM+CAOV3+MNT1/19/13/cell_1763090009661_912349010008_3680_0100.png,12,22486,0.027
/home/wangqianqian/project/FS/data/13JM+CAOV3+MNT1/00/48/cell_1763023704118_912349010008_6753_0100.png,15,9207,0.027
/home/wangqianqian/project/FS/data/13JM+CAOV3+MNT1/19/13/cell_1763090018519_912349010008_4033_0000.png,3,22953,0.0279999999999999
/home/wangqianqian/project/FS/data/13JM+CAOV3+MNT1/19/15/cell_1763090143207_912349010008_8797_0000.png,16,29044,0.0279999999999999
/home/wangqianqian/project/FS/data/13JM+CAOV3+MNT1/19/16/cell_1763090181765_912349010008_9695_0000.png,16,30282,0.0279999999999999
/home/wangqianqian/project/FS/data/13JM+CAOV3+MNT1/01/12/cell_1763025121246_912349010008_4121_0000.png,0,15845,0.0279999999999999
/home/wangqianqian/project/FS/data/13JM+CAOV3+MNT1/19/20/cell_1763090451805_912349010008_16458_0100.png,16,39405,0.0279999999999999
/home/wangqianqian/project/FS/data/13JM+CAOV3+MNT1/01/33/cell_1763026409239_912349010008_892_0000.png,14,20345,0.0279999999999999
/home/wangqianqian/project/FS/data/13JM+CAOV3+MNT1/01/07/cell_1763024872934_912349010008_2659_0000.png,0,13644,0.028
/home/wangqianqian/project/FS/data/13JM+CAOV3+MNT1/19/22/cell_1763090526575_912349010008_18414_0000.png,4,41993,0.028
/home/wangqianqian/project/FS/data/13JM+CAOV3+MNT1/19/21/cell_1763090501658_912349010008_17872_0000.png,16,41258,0.028
/home/wangqianqian/project/FS/data/13JM+CAOV3+MNT1/19/15/cell_1763090108588_912349010008_7811_0100.png,16,27699,0.028
/home/wangqianqian/project/FS/data/13JM+CAOV3+MNT1/01/14/cell_1763025253910_912349010008_5122_0100.png,0,17351,0.028
/home/wangqianqian/project/FS/data/13JM+CAOV3+MNT1/00/49/cell_1763023756132_912349010008_7049_0100.png,0,9676,0.028
/home/wangqianqian/project/FS/data/13JM+CAOV3+MNT1/19/22/cell_1763090529590_912349010008_18534_0000.png,9,42149,0.0289999999999999
/home/wangqianqian/project/FS/data/13JM+CAOV3+MNT1/19/16/cell_1763090167678_912349010008_9360_0000.png,4,29827,0.0289999999999999
/home/wangqianqian/project/FS/data/13JM+CAOV3+MNT1/19/21/cell_1763090487780_912349010008_17552_0000.png,4,40823,0.0289999999999999
/home/wangqianqian/project/FS/data/13JM+CAOV3+MNT1/01/06/cell_1763024800025_912349010008_2259_0000.png,4,13016,0.0289999999999999
/home/wangqianqian/project/FS/data/13JM+CAOV3+MNT1/00/27/cell_1763022464546_912349010008_1270_0100.png,0,601,0.0289999999999999
/home/wangqianqian/project/FS/data/13JM+CAOV3+MNT1/01/09/cell_1763024977682_912349010008_3287_0100.png,3,14599,0.0289999999999999
/home/wangqianqian/project/FS/data/13JM+CAOV3+MNT1/19/15/cell_1763090159686_912349010008_9185_0100.png,16,29582,0.0289999999999999
/home/wangqianqian/project/FS/data/13JM+CAOV3+MNT1/00/42/cell_1763023374487_912349010008_4964_0100.png,12,6408,0.0289999999999999
/home/wangqianqian/project/FS/data/13JM+CAOV3+MNT1/00/27/cell_1763022451491_912349010008_1209_0000.png,0,506,0.0289999999999999
/home/wangqianqian/project/FS/data/13JM+CAOV3+MNT1/00/39/cell_1763023147223_912349010008_3968_0000.png,15,4834,0.0289999999999999
/home/wangqianqian/project/FS/data/13JM+CAOV3+MNT1/19/18/cell_1763090334496_912349010008_13593_0000.png,4,35571,0.0289999999999999
/home/wangqianqian/project/FS/data/13JM+CAOV3+MNT1/19/24/cell_1763090649388_912349010008_22052_0000.png,14,46898,0.029
/home/wangqianqian/project/FS/data/13JM+CAOV3+MNT1/19/15/cell_1763090118651_912349010008_8099_0000.png,9,28093,0.029
/home/wangqianqian/project/FS/data/13JM+CAOV3+MNT1/01/03/cell_1763024629037_912349010008_1174_0100.png,0,11392,0.029
/home/wangqianqian/project/FS/data/13JM+CAOV3+MNT1/19/15/cell_1763090117214_912349010008_8051_0100.png,12,28024,0.03
/home/wangqianqian/project/FS/data/13JM+CAOV3+MNT1/19/19/cell_1763090398452_912349010008_15215_0000.png,9,37732,0.03
/home/wangqianqian/project/FS/data/13JM+CAOV3+MNT1/00/27/cell_1763022429936_912349010008_1068_0000.png,0,294,0.03
/home/wangqianqian/project/FS/data/13JM+CAOV3+MNT1/19/23/cell_1763090608810_912349010008_20908_0000.png,12,45351,0.03
/home/wangqianqian/project/FS/data/13JM+CAOV3+MNT1/19/18/cell_1763090337600_912349010008_13680_0000.png,9,35688,0.03
/home/wangqianqian/project/FS/data/13JM+CAOV3+MNT1/19/15/cell_1763090135688_912349010008_8611_0000.png,16,28780,0.03
/home/wangqianqian/project/FS/data/13JM+CAOV3+MNT1/19/22/cell_1763090526822_912349010008_18426_0000.png,4,42008,0.03
/home/wangqianqian/project/FS/data/13JM+CAOV3+MNT1/19/23/cell_1763090590070_912349010008_20337_0000.png,9,44563,0.03
/home/wangqianqian/project/FS/data/13JM+CAOV3+MNT1/00/48/cell_1763023688802_912349010008_6643_0100.png,0,9048,0.03
/home/wangqianqian/project/FS/data/13JM+CAOV3+MNT1/19/19/cell_1763090357998_912349010008_14187_0100.png,12,36385,0.03
/home/wangqianqian/project/FS/data/13JM+CAOV3+MNT1/01/03/cell_1763024606892_912349010008_958_0000.png,0,11087,0.03
/home/wangqianqian/project/FS/data/13JM+CAOV3+MNT1/19/17/cell_1763090226180_912349010008_10850_0000.png,16,31846,0.03
/home/wangqianqian/project/FS/data/13JM+CAOV3+MNT1/00/50/cell_1763023803562_912349010008_7324_0100.png,4,10085,0.03
/home/wangqianqian/project/FS/data/13JM+CAOV3+MNT1/00/49/cell_1763023791723_912349010008_7253_0100.png,12,9978,0.03
/home/wangqianqian/project/FS/data/13JM+CAOV3+MNT1/19/23/cell_1763090636396_912349010008_21744_0000.png,14,46493,0.031
/home/wangqianqian/project/FS/data/13JM+CAOV3+MNT1/19/21/cell_1763090474083_912349010008_17128_0100.png,12,40287,0.031
/home/wangqianqian/project/FS/data/13JM+CAOV3+MNT1/19/19/cell_1763090351770_912349010008_14043_0100.png,16,36182,0.031
/home/wangqianqian/project/FS/data/13JM+CAOV3+MNT1/01/35/cell_1763026508226_912349010008_1340_0000.png,17,21004,0.031
/home/wangqianqian/project/FS/data/13JM+CAOV3+MNT1/19/12/cell_1763089974052_912349010008_2691_0000.png,16,21161,0.031
/home/wangqianqian/project/FS/data/13JM+CAOV3+MNT1/19/22/cell_1763090535413_912349010008_18759_0000.png,16,42443,0.031
/home/wangqianqian/project/FS/data/13JM+CAOV3+MNT1/19/16/cell_1763090170019_912349010008_9403_0100.png,4,29891,0.031
/home/wangqianqian/project/FS/data/13JM+CAOV3+MNT1/00/30/cell_1763022639391_912349010008_1835_0000.png,0,1500,0.031
/home/wangqianqian/project/FS/data/13JM+CAOV3+MNT1/19/20/cell_1763090400211_912349010008_15267_0100.png,12,37801,0.031
/home/wangqianqian/project/FS/data/13JM+CAOV3+MNT1/01/14/cell_1763025271300_912349010008_5297_0000.png,0,17607,0.031
/home/wangqianqian/project/FS/data/13JM+CAOV3+MNT1/19/21/cell_1763090461765_912349010008_16713_0100.png,16,39738,0.031
/home/wangqianqian/project/FS/data/13JM+CAOV3+MNT1/19/20/cell_1763090452922_912349010008_16494_0000.png,4,39450,0.031
/home/wangqianqian/project/FS/data/13JM+CAOV3+MNT1/19/14/cell_1763090060162_912349010008_5937_0100.png,16,25268,0.031
/home/wangqianqian/project/FS/data/13JM+CAOV3+MNT1/01/10/cell_1763025001083_912349010008_3420_0100.png,0,14818,0.031
/home/wangqianqian/project/FS/data/13JM+CAOV3+MNT1/00/43/cell_1763023422660_912349010008_5179_0000.png,4,6746,0.031
/home/wangqianqian/project/FS/data/13JM+CAOV3+MNT1/00/47/cell_1763023643703_912349010008_6302_0000.png,0,8537,0.032
/home/wangqianqian/project/FS/data/13JM+CAOV3+MNT1/00/47/cell_1763023647491_912349010008_6342_0000.png,17,8600,0.032
/home/wangqianqian/project/FS/data/13JM+CAOV3+MNT1/01/33/cell_1763026399619_912349010008_840_0100.png,0,20278,0.032
/home/wangqianqian/project/FS/data/13JM+CAOV3+MNT1/00/41/cell_1763023282089_912349010008_4578_0100.png,15,5785,0.032
/home/wangqianqian/project/FS/data/13JM+CAOV3+MNT1/19/17/cell_1763090279940_912349010008_12257_0000.png,16,33742,0.032
/home/wangqianqian/project/FS/data/13JM+CAOV3+MNT1/19/16/cell_1763090164388_912349010008_9293_0100.png,3,29729,0.032
/home/wangqianqian/project/FS/data/13JM+CAOV3+MNT1/19/14/cell_1763090057300_912349010008_5738_0000.png,16,25019,0.032
/home/wangqianqian/project/FS/data/13JM+CAOV3+MNT1/19/14/cell_1763090091804_912349010008_7322_0100.png,2,27046,0.032
/home/wangqianqian/project/FS/data/13JM+CAOV3+MNT1/00/30/cell_1763022646407_912349010008_1861_0100.png,0,1541,0.032
/home/wangqianqian/project/FS/data/13JM+CAOV3+MNT1/01/16/cell_1763025394052_912349010008_6097_0000.png,0,18849,0.032
/home/wangqianqian/project/FS/data/13JM+CAOV3+MNT1/19/20/cell_1763090404999_912349010008_15389_0000.png,14,37971,0.032
/home/wangqianqian/project/FS/data/13JM+CAOV3+MNT1/19/23/cell_1763090612991_912349010008_21062_0000.png,16,45559,0.032
/home/wangqianqian/project/FS/data/13JM+CAOV3+MNT1/19/18/cell_1763090323595_912349010008_13233_0100.png,16,35082,0.032
/home/wangqianqian/project/FS/data/13JM+CAOV3+MNT1/19/19/cell_1763090379429_912349010008_14593_0000.png,12,36917,0.032
/home/wangqianqian/project/FS/data/13JM+CAOV3+MNT1/01/05/cell_1763024714356_912349010008_1808_0000.png,17,12306,0.032
/home/wangqianqian/project/FS/data/13JM+CAOV3+MNT1/19/14/cell_1763090051899_912349010008_4931_0100.png,12,24133,0.032
/home/wangqianqian/project/FS/data/13JM+CAOV3+MNT1/19/21/cell_1763090475066_912349010008_17154_0100.png,9,40321,0.032
/home/wangqianqian/project/FS/data/13JM+CAOV3+MNT1/19/14/cell_1763090063918_912349010008_6357_0000.png,9,25782,0.032
/home/wangqianqian/project/FS/data/13JM+CAOV3+MNT1/19/22/cell_1763090561005_912349010008_19541_0000.png,6,43460,0.032
/home/wangqianqian/project/FS/data/13JM+CAOV3+MNT1/19/13/cell_1763089993492_912349010008_3053_0000.png,4,21642,0.032
/home/wangqianqian/project/FS/data/13JM+CAOV3+MNT1/19/17/cell_1763090273072_912349010008_12092_0000.png,4,33525,0.033
/home/wangqianqian/project/FS/data/13JM+CAOV3+MNT1/19/23/cell_1763090608925_912349010008_20913_0000.png,16,45359,0.033
/home/wangqianqian/project/FS/data/13JM+CAOV3+MNT1/01/16/cell_1763025400105_912349010008_6149_0000.png,15,18923,0.033
/home/wangqianqian/project/FS/data/13JM+CAOV3+MNT1/19/16/cell_1763090190534_912349010008_9939_0000.png,6,30624,0.033
/home/wangqianqian/project/FS/data/13JM+CAOV3+MNT1/01/33/cell_1763026420695_912349010008_962_0000.png,15,20438,0.033
/home/wangqianqian/project/FS/data/13JM+CAOV3+MNT1/19/19/cell_1763090384960_912349010008_14794_0000.png,12,37186,0.033
/home/wangqianqian/project/FS/data/13JM+CAOV3+MNT1/19/15/cell_1763090149759_912349010008_8977_0100.png,4,29283,0.033
/home/wangqianqian/project/FS/data/13JM+CAOV3+MNT1/01/34/cell_1763026446193_912349010008_1105_0000.png,1,20639,0.033
/home/wangqianqian/project/FS/data/13JM+CAOV3+MNT1/00/33/cell_1763022813109_912349010008_2496_0100.png,0,2545,0.033
/home/wangqianqian/project/FS/data/13JM+CAOV3+MNT1/19/12/cell_1763089973729_912349010008_2682_0100.png,4,21150,0.033
/home/wangqianqian/project/FS/data/13JM+CAOV3+MNT1/00/43/cell_1763023415387_912349010008_5140_0000.png,9,6686,0.033
/home/wangqianqian/project/FS/data/13JM+CAOV3+MNT1/19/19/cell_1763090391506_912349010008_15012_0000.png,4,37474,0.033
/home/wangqianqian/project/FS/data/13JM+CAOV3+MNT1/19/15/cell_1763090111783_912349010008_7885_0000.png,16,27803,0.033
/home/wangqianqian/project/FS/data/13JM+CAOV3+MNT1/19/19/cell_1763090383403_912349010008_14731_0100.png,16,37103,0.033
/home/wangqianqian/project/FS/data/13JM+CAOV3+MNT1/19/23/cell_1763090636719_912349010008_21751_0000.png,12,46503,0.033
/home/wangqianqian/project/FS/data/13JM+CAOV3+MNT1/01/03/cell_1763024622649_912349010008_1114_0000.png,0,11304,0.033
/home/wangqianqian/project/FS/data/13JM+CAOV3+MNT1/19/22/cell_1763090567796_912349010008_19763_0000.png,2,43768,0.033
/home/wangqianqian/project/FS/data/13JM+CAOV3+MNT1/19/21/cell_1763090506065_912349010008_17981_0000.png,16,41412,0.033
/home/wangqianqian/project/FS/data/13JM+CAOV3+MNT1/19/14/cell_1763090056320_912349010008_5455_0000.png,4,24735,0.033
/home/wangqianqian/project/FS/data/13JM+CAOV3+MNT1/19/20/cell_1763090406938_912349010008_15445_0100.png,4,38039,0.033
/home/wangqianqian/project/FS/data/13JM+CAOV3+MNT1/19/23/cell_1763090637973_912349010008_21788_0100.png,4,46552,0.033
/home/wangqianqian/project/FS/data/13JM+CAOV3+MNT1/19/18/cell_1763090329955_912349010008_13442_0000.png,2,35352,0.033
/home/wangqianqian/project/FS/data/13JM+CAOV3+MNT1/00/47/cell_1763023636443_912349010008_6249_0000.png,0,8454,0.033
/home/wangqianqian/project/FS/data/13JM+CAOV3+MNT1/19/20/cell_1763090408207_912349010008_15487_0100.png,12,38095,0.033
/home/wangqianqian/project/FS/data/13JM+CAOV3+MNT1/00/27/cell_1763022453006_912349010008_1217_0000.png,15,520,0.033
/home/wangqianqian/project/FS/data/13JM+CAOV3+MNT1/19/21/cell_1763090507985_912349010008_18027_0000.png,16,41474,0.033
/home/wangqianqian/project/FS/data/13JM+CAOV3+MNT1/19/17/cell_1763090266857_912349010008_11912_0000.png,16,33280,0.034
/home/wangqianqian/project/FS/data/13JM+CAOV3+MNT1/19/22/cell_1763090569803_912349010008_19808_0100.png,12,43836,0.034
/home/wangqianqian/project/FS/data/13JM+CAOV3+MNT1/19/20/cell_1763090433976_912349010008_16139_0100.png,16,38965,0.034
/home/wangqianqian/project/FS/data/13JM+CAOV3+MNT1/19/15/cell_1763090118651_912349010008_8099_0100.png,6,28094,0.034
/home/wangqianqian/project/FS/data/13JM+CAOV3+MNT1/19/16/cell_1763090189270_912349010008_9898_0000.png,2,30568,0.034
/home/wangqianqian/project/FS/data/13JM+CAOV3+MNT1/19/17/cell_1763090233980_912349010008_11041_0000.png,16,32102,0.034
/home/wangqianqian/project/FS/data/13JM+CAOV3+MNT1/19/17/cell_1763090232852_912349010008_11018_0000.png,2,32075,0.034
/home/wangqianqian/project/FS/data/13JM+CAOV3+MNT1/19/15/cell_1763090130322_912349010008_8477_0100.png,16,28611,0.034
/home/wangqianqian/project/FS/data/13JM+CAOV3+MNT1/19/23/cell_1763090633524_912349010008_21686_0000.png,16,46425,0.034
/home/wangqianqian/project/FS/data/13JM+CAOV3+MNT1/01/03/cell_1763024599545_912349010008_893_0000.png,6,10998,0.034
/home/wangqianqian/project/FS/data/13JM+CAOV3+MNT1/19/20/cell_1763090426522_912349010008_15990_0000.png,2,38775,0.034
/home/wangqianqian/project/FS/data/13JM+CAOV3+MNT1/19/20/cell_1763090404754_912349010008_15380_0000.png,16,37961,0.034
/home/wangqianqian/project/FS/data/13JM+CAOV3+MNT1/19/17/cell_1763090240137_912349010008_11218_0100.png,6,32335,0.034
/home/wangqianqian/project/FS/data/13JM+CAOV3+MNT1/00/47/cell_1763023622667_912349010008_6171_0000.png,17,8334,0.034
/home/wangqianqian/project/FS/data/13JM+CAOV3+MNT1/19/21/cell_1763090461346_912349010008_16702_0000.png,14,39726,0.034
/home/wangqianqian/project/FS/data/13JM+CAOV3+MNT1/19/24/cell_1763090647702_912349010008_22015_0000.png,12,46850,0.034
/home/wangqianqian/project/FS/data/13JM+CAOV3+MNT1/19/15/cell_1763090137088_912349010008_8641_0100.png,4,28821,0.034
/home/wangqianqian/project/FS/data/13JM+CAOV3+MNT1/19/21/cell_1763090493173_912349010008_17681_0000.png,16,41005,0.034
/home/wangqianqian/project/FS/data/13JM+CAOV3+MNT1/19/21/cell_1763090477356_912349010008_17256_0100.png,4,40449,0.034
/home/wangqianqian/project/FS/data/13JM+CAOV3+MNT1/19/16/cell_1763090194457_912349010008_10034_0100.png,6,30755,0.034
/home/wangqianqian/project/FS/data/13JM+CAOV3+MNT1/01/09/cell_1763024991858_912349010008_3376_0100.png,4,14745,0.034
/home/wangqianqian/project/FS/data/13JM+CAOV3+MNT1/19/19/cell_1763090371336_912349010008_14456_0100.png,16,36738,0.034
/home/wangqianqian/project/FS/data/13JM+CAOV3+MNT1/19/13/cell_1763090036151_912349010008_4560_0100.png,12,23632,0.034
/home/wangqianqian/project/FS/data/13JM+CAOV3+MNT1/19/14/cell_1763090098098_912349010008_7505_0000.png,4,27283,0.034
/home/wangqianqian/project/FS/data/13JM+CAOV3+MNT1/00/36/cell_1763022992083_912349010008_3245_0000.png,17,3740,0.0349999999999999
/home/wangqianqian/project/FS/data/13JM+CAOV3+MNT1/19/24/cell_1763090663956_912349010008_22541_0000.png,4,47557,0.0349999999999999
/home/wangqianqian/project/FS/data/13JM+CAOV3+MNT1/19/21/cell_1763090514838_912349010008_18170_0000.png,1,41663,0.035
/home/wangqianqian/project/FS/data/13JM+CAOV3+MNT1/19/22/cell_1763090570021_912349010008_19813_0000.png,12,43843,0.035
/home/wangqianqian/project/FS/data/13JM+CAOV3+MNT1/19/14/cell_1763090055325_912349010008_5064_0000.png,2,24301,0.035
/home/wangqianqian/project/FS/data/13JM+CAOV3+MNT1/19/13/cell_1763090024511_912349010008_4255_0000.png,9,23243,0.035
/home/wangqianqian/project/FS/data/13JM+CAOV3+MNT1/19/22/cell_1763090523025_912349010008_18337_0000.png,12,41889,0.035
/home/wangqianqian/project/FS/data/13JM+CAOV3+MNT1/19/17/cell_1763090277627_912349010008_12208_0000.png,16,33674,0.035
/home/wangqianqian/project/FS/data/13JM+CAOV3+MNT1/00/50/cell_1763023805835_912349010008_7343_0000.png,0,10113,0.035
/home/wangqianqian/project/FS/data/13JM+CAOV3+MNT1/19/14/cell_1763090057011_912349010008_5697_0100.png,6,24974,0.035
/home/wangqianqian/project/FS/data/13JM+CAOV3+MNT1/19/19/cell_1763090391134_912349010008_14998_0100.png,16,37455,0.035
/home/wangqianqian/project/FS/data/13JM+CAOV3+MNT1/19/20/cell_1763090425177_912349010008_15939_0000.png,16,38706,0.035
/home/wangqianqian/project/FS/data/13JM+CAOV3+MNT1/00/48/cell_1763023701769_912349010008_6732_0000.png,0,9180,0.035
/home/wangqianqian/project/FS/data/13JM+CAOV3+MNT1/19/22/cell_1763090554058_912349010008_19334_0000.png,16,43188,0.035
/home/wangqianqian/project/FS/data/13JM+CAOV3+MNT1/19/16/cell_1763090208148_912349010008_10441_0100.png,4,31307,0.035
/home/wangqianqian/project/FS/data/13JM+CAOV3+MNT1/19/24/cell_1763090661151_912349010008_22448_0100.png,12,47435,0.035
/home/wangqianqian/project/FS/data/13JM+CAOV3+MNT1/19/23/cell_1763090636753_912349010008_21752_0100.png,16,46505,0.035
/home/wangqianqian/project/FS/data/13JM+CAOV3+MNT1/19/20/cell_1763090416051_912349010008_15719_0000.png,9,38404,0.035
/home/wangqianqian/project/FS/data/13JM+CAOV3+MNT1/00/38/cell_1763023113977_912349010008_3821_0000.png,17,4601,0.035
/home/wangqianqian/project/FS/data/13JM+CAOV3+MNT1/19/14/cell_1763090049386_912349010008_4873_0100.png,16,24057,0.035
/home/wangqianqian/project/FS/data/13JM+CAOV3+MNT1/19/21/cell_1763090477518_912349010008_17259_0000.png,16,40452,0.035
/home/wangqianqian/project/FS/data/13JM+CAOV3+MNT1/19/15/cell_1763090155573_912349010008_9101_0000.png,6,29456,0.036
/home/wangqianqian/project/FS/data/13JM+CAOV3+MNT1/19/15/cell_1763090123428_912349010008_8271_0000.png,6,28325,0.036
/home/wangqianqian/project/FS/data/13JM+CAOV3+MNT1/01/15/cell_1763025333420_912349010008_5697_0000.png,0,18207,0.036
/home/wangqianqian/project/FS/data/13JM+CAOV3+MNT1/19/18/cell_1763090338976_912349010008_13725_0000.png,6,35748,0.036
/home/wangqianqian/project/FS/data/13JM+CAOV3+MNT1/19/15/cell_1763090100812_912349010008_7605_0100.png,16,27426,0.036
/home/wangqianqian/project/FS/data/13JM+CAOV3+MNT1/00/44/cell_1763023446873_912349010008_5328_0100.png,0,6989,0.036
/home/wangqianqian/project/FS/data/13JM+CAOV3+MNT1/00/44/cell_1763023450050_912349010008_5346_0000.png,0,7014,0.036
/home/wangqianqian/project/FS/data/13JM+CAOV3+MNT1/19/17/cell_1763090243399_912349010008_11298_0100.png,16,32448,0.036
/home/wangqianqian/project/FS/data/13JM+CAOV3+MNT1/01/15/cell_1763025312760_912349010008_5562_0000.png,4,18005,0.036
/home/wangqianqian/project/FS/data/13JM+CAOV3+MNT1/19/23/cell_1763090586631_912349010008_20243_0000.png,16,44432,0.036
/home/wangqianqian/project/FS/data/13JM+CAOV3+MNT1/00/39/cell_1763023159165_912349010008_4021_0100.png,0,4916,0.036
/home/wangqianqian/project/FS/data/13JM+CAOV3+MNT1/19/14/cell_1763090097987_912349010008_7501_0000.png,16,27278,0.036
/home/wangqianqian/project/FS/data/13JM+CAOV3+MNT1/01/09/cell_1763024967132_912349010008_3223_0100.png,0,14505,0.036
/home/wangqianqian/project/FS/data/13JM+CAOV3+MNT1/19/13/cell_1763090002136_912349010008_3361_0000.png,16,22067,0.036
/home/wangqianqian/project/FS/data/13JM+CAOV3+MNT1/19/15/cell_1763090123282_912349010008_8265_0100.png,16,28316,0.036
/home/wangqianqian/project/FS/data/13JM+CAOV3+MNT1/00/26/cell_1763022415640_912349010008_1009_0100.png,9,195,0.036
/home/wangqianqian/project/FS/data/13JM+CAOV3+MNT1/19/17/cell_1763090235431_912349010008_11078_0100.png,2,32152,0.036
/home/wangqianqian/project/FS/data/13JM+CAOV3+MNT1/19/19/cell_1763090357214_912349010008_14176_0100.png,16,36368,0.036
/home/wangqianqian/project/FS/data/13JM+CAOV3+MNT1/19/21/cell_1763090474621_912349010008_17144_0000.png,16,40307,0.036
/home/wangqianqian/project/FS/data/13JM+CAOV3+MNT1/19/14/cell_1763090064470_912349010008_6484_0000.png,4,25933,0.036
/home/wangqianqian/project/FS/data/13JM+CAOV3+MNT1/19/15/cell_1763090139421_912349010008_8700_0100.png,12,28911,0.036
/home/wangqianqian/project/FS/data/13JM+CAOV3+MNT1/19/14/cell_1763090080777_912349010008_7045_0000.png,4,26669,0.036
/home/wangqianqian/project/FS/data/13JM+CAOV3+MNT1/01/04/cell_1763024648079_912349010008_1342_0000.png,0,11632,0.036
/home/wangqianqian/project/FS/data/13JM+CAOV3+MNT1/01/10/cell_1763025045732_912349010008_3689_0000.png,4,15194,0.036
/home/wangqianqian/project/FS/data/13JM+CAOV3+MNT1/19/19/cell_1763090390505_912349010008_14975_0000.png,16,37423,0.036
/home/wangqianqian/project/FS/data/13JM+CAOV3+MNT1/19/23/cell_1763090602036_912349010008_20704_0000.png,4,45060,0.036
/home/wangqianqian/project/FS/data/13JM+CAOV3+MNT1/00/48/cell_1763023722771_912349010008_6877_0000.png,17,9400,0.036
/home/wangqianqian/project/FS/data/13JM+CAOV3+MNT1/19/24/cell_1763090651316_912349010008_22113_0000.png,9,46985,0.036
/home/wangqianqian/project/FS/data/13JM+CAOV3+MNT1/00/42/cell_1763023339071_912349010008_4829_0000.png,3,6191,0.037
/home/wangqianqian/project/FS/data/13JM+CAOV3+MNT1/00/45/cell_1763023516515_912349010008_5688_0000.png,17,7559,0.037
/home/wangqianqian/project/FS/data/13JM+CAOV3+MNT1/19/18/cell_1763090288988_912349010008_12406_0100.png,16,33951,0.037
/home/wangqianqian/project/FS/data/13JM+CAOV3+MNT1/19/20/cell_1763090454547_912349010008_16528_0000.png,16,39496,0.037
/home/wangqianqian/project/FS/data/13JM+CAOV3+MNT1/00/40/cell_1763023208158_912349010008_4273_0000.png,15,5321,0.037
/home/wangqianqian/project/FS/data/13JM+CAOV3+MNT1/01/15/cell_1763025353648_912349010008_5860_0100.png,17,18466,0.037
/home/wangqianqian/project/FS/data/13JM+CAOV3+MNT1/19/13/cell_1763090029119_912349010008_4380_0000.png,16,23409,0.037
/home/wangqianqian/project/FS/data/13JM+CAOV3+MNT1/00/47/cell_1763023669592_912349010008_6507_0000.png,9,8841,0.037
/home/wangqianqian/project/FS/data/13JM+CAOV3+MNT1/00/27/cell_1763022467984_912349010008_1285_0100.png,0,623,0.037
/home/wangqianqian/project/FS/data/13JM+CAOV3+MNT1/19/18/cell_1763090339785_912349010008_13754_0000.png,15,35788,0.037
/home/wangqianqian/project/FS/data/13JM+CAOV3+MNT1/01/04/cell_1763024674008_912349010008_1518_0000.png,0,11885,0.037
/home/wangqianqian/project/FS/data/13JM+CAOV3+MNT1/00/29/cell_1763022591475_912349010008_1659_0100.png,4,1220,0.037
/home/wangqianqian/project/FS/data/13JM+CAOV3+MNT1/19/14/cell_1763090055945_912349010008_5295_0000.png,16,24557,0.037
/home/wangqianqian/project/FS/data/13JM+CAOV3+MNT1/01/08/cell_1763024897530_912349010008_2831_0100.png,4,13895,0.037
/home/wangqianqian/project/FS/data/13JM+CAOV3+MNT1/01/12/cell_1763025139926_912349010008_4275_0000.png,0,16077,0.037
/home/wangqianqian/project/FS/data/13JM+CAOV3+MNT1/19/16/cell_1763090171144_912349010008_9425_0100.png,16,29926,0.037
/home/wangqianqian/project/FS/data/13JM+CAOV3+MNT1/19/17/cell_1763090277983_912349010008_12218_0000.png,6,33689,0.037
/home/wangqianqian/project/FS/data/13JM+CAOV3+MNT1/19/18/cell_1763090302075_912349010008_12659_0100.png,2,34295,0.037
/home/wangqianqian/project/FS/data/13JM+CAOV3+MNT1/19/21/cell_1763090492311_912349010008_17661_0100.png,4,40980,0.037
/home/wangqianqian/project/FS/data/13JM+CAOV3+MNT1/00/44/cell_1763023450448_912349010008_5353_0000.png,16,7025,0.037
/home/wangqianqian/project/FS/data/13JM+CAOV3+MNT1/19/19/cell_1763090362936_912349010008_14284_0000.png,16,36507,0.037
/home/wangqianqian/project/FS/data/13JM+CAOV3+MNT1/01/07/cell_1763024839001_912349010008_2474_0000.png,0,13347,0.038
/home/wangqianqian/project/FS/data/13JM+CAOV3+MNT1/19/19/cell_1763090381461_912349010008_14650_0100.png,2,36995,0.038
/home/wangqianqian/project/FS/data/13JM+CAOV3+MNT1/19/18/cell_1763090330513_912349010008_13469_0000.png,16,35397,0.038
/home/wangqianqian/project/FS/data/13JM+CAOV3+MNT1/19/17/cell_1763090259067_912349010008_11709_0100.png,4,33012,0.038
/home/wangqianqian/project/FS/data/13JM+CAOV3+MNT1/19/16/cell_1763090197411_912349010008_10127_0000.png,16,30880,0.038
/home/wangqianqian/project/FS/data/13JM+CAOV3+MNT1/19/16/cell_1763090200359_912349010008_10206_0000.png,12,30995,0.038
/home/wangqianqian/project/FS/data/13JM+CAOV3+MNT1/19/19/cell_1763090361646_912349010008_14254_0000.png,16,36471,0.038
/home/wangqianqian/project/FS/data/13JM+CAOV3+MNT1/19/15/cell_1763090107220_912349010008_7788_0100.png,6,27665,0.038
/home/wangqianqian/project/FS/data/13JM+CAOV3+MNT1/19/13/cell_1763090032641_912349010008_4483_0100.png,4,23531,0.038
/home/wangqianqian/project/FS/data/13JM+CAOV3+MNT1/19/16/cell_1763090213649_912349010008_10572_0000.png,17,31483,0.038
/home/wangqianqian/project/FS/data/13JM+CAOV3+MNT1/19/21/cell_1763090496717_912349010008_17759_0000.png,2,41116,0.038
/home/wangqianqian/project/FS/data/13JM+CAOV3+MNT1/19/21/cell_1763090465043_912349010008_16843_0100.png,4,39917,0.038
/home/wangqianqian/project/FS/data/13JM+CAOV3+MNT1/00/42/cell_1763023375957_912349010008_4971_0000.png,0,6417,0.038
/home/wangqianqian/project/FS/data/13JM+CAOV3+MNT1/19/14/cell_1763090072003_912349010008_6866_0100.png,2,26423,0.038
/home/wangqianqian/project/FS/data/13JM+CAOV3+MNT1/00/27/cell_1763022447620_912349010008_1189_0100.png,0,478,0.038
/home/wangqianqian/project/FS/data/13JM+CAOV3+MNT1/00/29/cell_1763022577316_912349010008_1603_0000.png,3,1134,0.038
/home/wangqianqian/project/FS/data/13JM+CAOV3+MNT1/19/21/cell_1763090513837_912349010008_18149_0000.png,16,41636,0.038
/home/wangqianqian/project/FS/data/13JM+CAOV3+MNT1/19/21/cell_1763090467087_912349010008_16937_0000.png,16,40036,0.038
/home/wangqianqian/project/FS/data/13JM+CAOV3+MNT1/19/21/cell_1763090488863_912349010008_17572_0100.png,6,40856,0.038
/home/wangqianqian/project/FS/data/13JM+CAOV3+MNT1/19/16/cell_1763090199021_912349010008_10164_0000.png,16,30937,0.038
/home/wangqianqian/project/FS/data/13JM+CAOV3+MNT1/00/45/cell_1763023503038_912349010008_5617_0100.png,0,7447,0.038
/home/wangqianqian/project/FS/data/13JM+CAOV3+MNT1/19/17/cell_1763090261045_912349010008_11764_0100.png,6,33081,0.038
/home/wangqianqian/project/FS/data/13JM+CAOV3+MNT1/01/33/cell_1763026391291_912349010008_798_0100.png,0,20214,0.038
/home/wangqianqian/project/FS/data/13JM+CAOV3+MNT1/19/16/cell_1763090166038_912349010008_9323_0000.png,16,29773,0.038
/home/wangqianqian/project/FS/data/13JM+CAOV3+MNT1/01/16/cell_1763025379694_912349010008_6022_0000.png,0,18731,0.038
/home/wangqianqian/project/FS/data/13JM+CAOV3+MNT1/19/16/cell_1763090178662_912349010008_9633_0000.png,4,30200,0.038
/home/wangqianqian/project/FS/data/13JM+CAOV3+MNT1/00/28/cell_1763022480786_912349010008_1318_0000.png,16,672,0.038
/home/wangqianqian/project/FS/data/13JM+CAOV3+MNT1/01/12/cell_1763025121799_912349010008_4136_0000.png,12,15864,0.038
/home/wangqianqian/project/FS/data/13JM+CAOV3+MNT1/00/50/cell_1763023827801_912349010008_7451_0000.png,17,10284,0.038
/home/wangqianqian/project/FS/data/13JM+CAOV3+MNT1/19/13/cell_1763090026981_912349010008_4329_0000.png,14,23336,0.038
/home/wangqianqian/project/FS/data/13JM+CAOV3+MNT1/19/13/cell_1763090015391_912349010008_3916_0000.png,18,22801,0.038
/home/wangqianqian/project/FS/data/13JM+CAOV3+MNT1/01/33/cell_1763026417285_912349010008_941_0000.png,16,20412,0.038
/home/wangqianqian/project/FS/data/13JM+CAOV3+MNT1/00/50/cell_1763023805509_912349010008_7338_0000.png,0,10107,0.038
/home/wangqianqian/project/FS/data/13JM+CAOV3+MNT1/19/19/cell_1763090392017_912349010008_15033_0000.png,12,37499,0.038
/home/wangqianqian/project/FS/data/13JM+CAOV3+MNT1/19/23/cell_1763090597491_912349010008_20552_0000.png,16,44856,0.038
/home/wangqianqian/project/FS/data/13JM+CAOV3+MNT1/19/21/cell_1763090473238_912349010008_17111_0100.png,16,40264,0.038
/home/wangqianqian/project/FS/data/13JM+CAOV3+MNT1/01/04/cell_1763024669528_912349010008_1482_0000.png,0,11833,0.038
/home/wangqianqian/project/FS/data/13JM+CAOV3+MNT1/00/32/cell_1763022759493_912349010008_2326_0000.png,17,2273,0.038
/home/wangqianqian/project/FS/data/13JM+CAOV3+MNT1/01/08/cell_1763024889295_912349010008_2779_0000.png,1,13815,0.038
/home/wangqianqian/project/FS/data/13JM+CAOV3+MNT1/19/19/cell_1763090344906_912349010008_13901_0100.png,0,35984,0.038
/home/wangqianqian/project/FS/data/13JM+CAOV3+MNT1/01/34/cell_1763026494307_912349010008_1288_0100.png,4,20925,0.038
/home/wangqianqian/project/FS/data/13JM+CAOV3+MNT1/19/15/cell_1763090149759_912349010008_8977_0000.png,2,29282,0.038
/home/wangqianqian/project/FS/data/13JM+CAOV3+MNT1/19/17/cell_1763090272468_912349010008_12069_0100.png,2,33498,0.038
/home/wangqianqian/project/FS/data/13JM+CAOV3+MNT1/19/13/cell_1763090004126_912349010008_3435_0100.png,16,22166,0.039
/home/wangqianqian/project/FS/data/13JM+CAOV3+MNT1/19/18/cell_1763090304089_912349010008_12721_0000.png,12,34382,0.039
/home/wangqianqian/project/FS/data/13JM+CAOV3+MNT1/19/13/cell_1763089991345_912349010008_3005_0000.png,16,21582,0.039
/home/wangqianqian/project/FS/data/13JM+CAOV3+MNT1/00/33/cell_1763022820783_912349010008_2529_0100.png,15,2598,0.039
/home/wangqianqian/project/FS/data/13JM+CAOV3+MNT1/19/22/cell_1763090538101_912349010008_18866_0000.png,4,42579,0.039
/home/wangqianqian/project/FS/data/13JM+CAOV3+MNT1/19/18/cell_1763090308162_912349010008_12817_0000.png,9,34509,0.039
/home/wangqianqian/project/FS/data/13JM+CAOV3+MNT1/19/18/cell_1763090338709_912349010008_13712_0000.png,4,35731,0.039
/home/wangqianqian/project/FS/data/13JM+CAOV3+MNT1/00/27/cell_1763022429731_912349010008_1067_0000.png,0,292,0.039
/home/wangqianqian/project/FS/data/13JM+CAOV3+MNT1/19/17/cell_1763090245951_912349010008_11371_0000.png,2,32535,0.039
/home/wangqianqian/project/FS/data/13JM+CAOV3+MNT1/19/22/cell_1763090529485_912349010008_18530_0100.png,12,42144,0.039
/home/wangqianqian/project/FS/data/13JM+CAOV3+MNT1/19/22/cell_1763090528401_912349010008_18492_0000.png,4,42092,0.039
/home/wangqianqian/project/FS/data/13JM+CAOV3+MNT1/19/23/cell_1763090584522_912349010008_20188_0100.png,12,44358,0.039
/home/wangqianqian/project/FS/data/13JM+CAOV3+MNT1/19/18/cell_1763090310207_912349010008_12877_0100.png,16,34594,0.039
/home/wangqianqian/project/FS/data/13JM+CAOV3+MNT1/00/37/cell_1763023048442_912349010008_3477_0000.png,0,4080,0.039
/home/wangqianqian/project/FS/data/13JM+CAOV3+MNT1/19/18/cell_1763090320400_912349010008_13172_0100.png,6,34999,0.039
/home/wangqianqian/project/FS/data/13JM+CAOV3+MNT1/00/50/cell_1763023839676_912349010008_7502_0000.png,0,10367,0.039
/home/wangqianqian/project/FS/data/13JM+CAOV3+MNT1/19/17/cell_1763090225131_912349010008_10820_0000.png,17,31808,0.039
/home/wangqianqian/project/FS/data/13JM+CAOV3+MNT1/19/20/cell_1763090417774_912349010008_15754_0100.png,4,38454,0.039
/home/wangqianqian/project/FS/data/13JM+CAOV3+MNT1/01/16/cell_1763025400105_912349010008_6149_0100.png,6,18924,0.039
/home/wangqianqian/project/FS/data/13JM+CAOV3+MNT1/19/14/cell_1763090088930_912349010008_7238_0100.png,0,26931,0.039
/home/wangqianqian/project/FS/data/13JM+CAOV3+MNT1/19/14/cell_1763090058507_912349010008_5806_0000.png,6,25094,0.039
/home/wangqianqian/project/FS/data/13JM+CAOV3+MNT1/01/17/cell_1763025424834_912349010008_6375_0000.png,0,19258,0.039
/home/wangqianqian/project/FS/data/13JM+CAOV3+MNT1/00/36/cell_1763023014903_912349010008_3339_0000.png,14,3876,0.039
/home/wangqianqian/project/FS/data/13JM+CAOV3+MNT1/19/14/cell_1763090092672_912349010008_7349_0100.png,14,27080,0.039
/home/wangqianqian/project/FS/data/13JM+CAOV3+MNT1/19/20/cell_1763090403608_912349010008_15353_0100.png,2,37922,0.039
/home/wangqianqian/project/FS/data/13JM+CAOV3+MNT1/19/13/cell_1763090031948_912349010008_4463_0100.png,16,23511,0.039
/home/wangqianqian/project/FS/data/13JM+CAOV3+MNT1/19/16/cell_1763090191868_912349010008_9978_0000.png,6,30680,0.039
/home/wangqianqian/project/FS/data/13JM+CAOV3+MNT1/19/16/cell_1763090200789_912349010008_10219_0000.png,16,31009,0.039
/home/wangqianqian/project/FS/data/13JM+CAOV3+MNT1/19/16/cell_1763090202858_912349010008_10291_0000.png,16,31101,0.039
/home/wangqianqian/project/FS/data/13JM+CAOV3+MNT1/19/14/cell_1763090077457_912349010008_6978_0000.png,6,26582,0.039
/home/wangqianqian/project/FS/data/13JM+CAOV3+MNT1/19/20/cell_1763090427227_912349010008_16002_0100.png,14,38792,0.039
/home/wangqianqian/project/FS/data/13JM+CAOV3+MNT1/01/09/cell_1763024958443_912349010008_3173_0000.png,17,14424,0.039
/home/wangqianqian/project/FS/data/13JM+CAOV3+MNT1/00/27/cell_1763022422121_912349010008_1038_0000.png,0,241,0.039
/home/wangqianqian/project/FS/data/13JM+CAOV3+MNT1/01/10/cell_1763025029267_912349010008_3569_0000.png,0,15027,0.039
/home/wangqianqian/project/FS/data/13JM+CAOV3+MNT1/19/22/cell_1763090553568_912349010008_19315_0100.png,9,43160,0.039
/home/wangqianqian/project/FS/data/13JM+CAOV3+MNT1/19/14/cell_1763090065784_912349010008_6597_0000.png,2,26079,0.039
/home/wangqianqian/project/FS/data/13JM+CAOV3+MNT1/19/21/cell_1763090505553_912349010008_17967_0000.png,9,41391,0.039
/home/wangqianqian/project/FS/data/13JM+CAOV3+MNT1/01/03/cell_1763024610141_912349010008_990_0000.png,0,11131,0.0399999999999999
/home/wangqianqian/project/FS/data/13JM+CAOV3+MNT1/19/13/cell_1763090018519_912349010008_4033_0100.png,4,22954,0.0399999999999999
/home/wangqianqian/project/FS/data/13JM+CAOV3+MNT1/19/15/cell_1763090124049_912349010008_8289_0000.png,4,28349,0.0399999999999999
/home/wangqianqian/project/FS/data/13JM+CAOV3+MNT1/19/17/cell_1763090252186_912349010008_11525_0000.png,6,32760,0.0399999999999999
/home/wangqianqian/project/FS/data/13JM+CAOV3+MNT1/19/21/cell_1763090463719_912349010008_16780_0000.png,2,39832,0.0399999999999999
/home/wangqianqian/project/FS/data/13JM+CAOV3+MNT1/19/21/cell_1763090504271_912349010008_17942_0100.png,2,41354,0.0399999999999999
/home/wangqianqian/project/FS/data/13JM+CAOV3+MNT1/00/27/cell_1763022440994_912349010008_1146_0000.png,0,413,0.04
/home/wangqianqian/project/FS/data/13JM+CAOV3+MNT1/19/14/cell_1763090069769_912349010008_6814_0100.png,2,26353,0.04
/home/wangqianqian/project/FS/data/13JM+CAOV3+MNT1/19/14/cell_1763090053563_912349010008_4956_0000.png,4,24164,0.04
/home/wangqianqian/project/FS/data/13JM+CAOV3+MNT1/01/05/cell_1763024735789_912349010008_1908_0100.png,0,12459,0.04
/home/wangqianqian/project/FS/data/13JM+CAOV3+MNT1/19/16/cell_1763090208654_912349010008_10455_0100.png,16,31326,0.04
/home/wangqianqian/project/FS/data/13JM+CAOV3+MNT1/01/05/cell_1763024705054_912349010008_1743_0100.png,0,12215,0.04
/home/wangqianqian/project/FS/data/13JM+CAOV3+MNT1/19/16/cell_1763090212873_912349010008_10555_0000.png,2,31458,0.04
/home/wangqianqian/project/FS/data/13JM+CAOV3+MNT1/19/20/cell_1763090410165_912349010008_15529_0000.png,9,38155,0.04
/home/wangqianqian/project/FS/data/13JM+CAOV3+MNT1/00/37/cell_1763023070061_912349010008_3598_0000.png,6,4255,0.04
/home/wangqianqian/project/FS/data/13JM+CAOV3+MNT1/19/24/cell_1763090652828_912349010008_22159_0000.png,6,47046,0.04
/home/wangqianqian/project/FS/data/13JM+CAOV3+MNT1/19/24/cell_1763090653377_912349010008_22172_0000.png,4,47064,0.04
/home/wangqianqian/project/FS/data/13JM+CAOV3+MNT1/19/23/cell_1763090616985_912349010008_21198_0100.png,16,45744,0.04
/home/wangqianqian/project/FS/data/13JM+CAOV3+MNT1/19/19/cell_1763090382772_912349010008_14701_0100.png,16,37064,0.04
/home/wangqianqian/project/FS/data/13JM+CAOV3+MNT1/19/20/cell_1763090429063_912349010008_16045_0000.png,4,38846,0.04
/home/wangqianqian/project/FS/data/13JM+CAOV3+MNT1/19/20/cell_1763090436648_912349010008_16186_0100.png,17,39030,0.04
/home/wangqianqian/project/FS/data/13JM+CAOV3+MNT1/01/07/cell_1763024878405_912349010008_2697_0100.png,0,13700,0.04
/home/wangqianqian/project/FS/data/13JM+CAOV3+MNT1/19/23/cell_1763090615955_912349010008_21154_0000.png,16,45688,0.04
/home/wangqianqian/project/FS/data/13JM+CAOV3+MNT1/01/14/cell_1763025256704_912349010008_5139_0100.png,14,17373,0.04
/home/wangqianqian/project/FS/data/13JM+CAOV3+MNT1/19/16/cell_1763090184235_912349010008_9745_0000.png,16,30356,0.04
/home/wangqianqian/project/FS/data/13JM+CAOV3+MNT1/19/14/cell_1763090086989_912349010008_7180_0100.png,6,26849,0.04
/home/wangqianqian/project/FS/data/13JM+CAOV3+MNT1/19/13/cell_1763090011160_912349010008_3748_0000.png,4,22581,0.04
/home/wangqianqian/project/FS/data/13JM+CAOV3+MNT1/19/17/cell_1763090228335_912349010008_10895_0000.png,16,31906,0.04
/home/wangqianqian/project/FS/data/13JM+CAOV3+MNT1/19/21/cell_1763090478060_912349010008_17277_0000.png,4,40476,0.04
/home/wangqianqian/project/FS/data/13JM+CAOV3+MNT1/19/18/cell_1763090329980_912349010008_13445_0100.png,16,35357,0.04
/home/wangqianqian/project/FS/data/13JM+CAOV3+MNT1/19/13/cell_1763090019718_912349010008_4069_0100.png,2,23010,0.04
/home/wangqianqian/project/FS/data/13JM+CAOV3+MNT1/01/03/cell_1763024629049_912349010008_1175_0000.png,0,11393,0.04
/home/wangqianqian/project/FS/data/13JM+CAOV3+MNT1/01/12/cell_1763025138421_912349010008_4259_0000.png,6,16053,0.04
/home/wangqianqian/project/FS/data/13JM+CAOV3+MNT1/19/22/cell_1763090540253_912349010008_18931_0000.png,15,42669,0.04
/home/wangqianqian/project/FS/data/13JM+CAOV3+MNT1/00/37/cell_1763023057120_912349010008_3521_0000.png,6,4143,0.04
/home/wangqianqian/project/FS/data/13JM+CAOV3+MNT1/19/17/cell_1763090232685_912349010008_11011_0000.png,16,32065,0.04
/home/wangqianqian/project/FS/data/13JM+CAOV3+MNT1/00/41/cell_1763023277996_912349010008_4564_0100.png,16,5763,0.04
/home/wangqianqian/project/FS/data/13JM+CAOV3+MNT1/19/21/cell_1763090489586_912349010008_17592_0000.png,16,40884,0.04
/home/wangqianqian/project/FS/data/13JM+CAOV3+MNT1/19/13/cell_1763090005813_912349010008_3506_0000.png,15,22257,0.04
/home/wangqianqian/project/FS/data/13JM+CAOV3+MNT1/19/13/cell_1763090001438_912349010008_3342_0100.png,14,22042,0.04
/home/wangqianqian/project/FS/data/13JM+CAOV3+MNT1/19/20/cell_1763090418034_912349010008_15759_0100.png,6,38462,0.04
/home/wangqianqian/project/FS/data/13JM+CAOV3+MNT1/19/21/cell_1763090491041_912349010008_17636_0000.png,12,40945,0.04
/home/wangqianqian/project/FS/data/13JM+CAOV3+MNT1/19/12/cell_1763089979345_912349010008_2769_0000.png,16,21264,0.04
/home/wangqianqian/project/FS/data/13JM+CAOV3+MNT1/19/13/cell_1763089984223_912349010008_2832_0000.png,2,21350,0.04
/home/wangqianqian/project/FS/data/13JM+CAOV3+MNT1/00/33/cell_1763022780590_912349010008_2385_0100.png,17,2366,0.04
/home/wangqianqian/project/FS/data/13JM+CAOV3+MNT1/00/48/cell_1763023680581_912349010008_6578_0000.png,16,8939,0.04
/home/wangqianqian/project/FS/data/13JM+CAOV3+MNT1/19/15/cell_1763090130035_912349010008_8465_0000.png,16,28596,0.04
/home/wangqianqian/project/FS/data/13JM+CAOV3+MNT1/19/20/cell_1763090423376_912349010008_15876_0100.png,16,38617,0.04
/home/wangqianqian/project/FS/data/13JM+CAOV3+MNT1/19/13/cell_1763090010666_912349010008_3730_0100.png,16,22557,0.0409999999999999
/home/wangqianqian/project/FS/data/13JM+CAOV3+MNT1/19/16/cell_1763090175001_912349010008_9516_0100.png,4,30046,0.0409999999999999
/home/wangqianqian/project/FS/data/13JM+CAOV3+MNT1/19/16/cell_1763090169714_912349010008_9399_0100.png,6,29883,0.0409999999999999
/home/wangqianqian/project/FS/data/13JM+CAOV3+MNT1/19/14/cell_1763090056216_912349010008_5418_0100.png,2,24689,0.0409999999999999
/home/wangqianqian/project/FS/data/13JM+CAOV3+MNT1/19/15/cell_1763090146586_912349010008_8903_0100.png,12,29191,0.0409999999999999
/home/wangqianqian/project/FS/data/13JM+CAOV3+MNT1/19/13/cell_1763089992947_912349010008_3042_0000.png,16,21629,0.0409999999999999
/home/wangqianqian/project/FS/data/13JM+CAOV3+MNT1/19/23/cell_1763090586549_912349010008_20241_0000.png,16,44430,0.0409999999999999
/home/wangqianqian/project/FS/data/13JM+CAOV3+MNT1/19/13/cell_1763090011219_912349010008_3753_0100.png,16,22588,0.0409999999999999
/home/wangqianqian/project/FS/data/13JM+CAOV3+MNT1/19/24/cell_1763090651155_912349010008_22106_0000.png,2,46976,0.0409999999999999
/home/wangqianqian/project/FS/data/13JM+CAOV3+MNT1/19/19/cell_1763090377985_912349010008_14563_0000.png,4,36879,0.0409999999999999
/home/wangqianqian/project/FS/data/13JM+CAOV3+MNT1/01/04/cell_1763024642886_912349010008_1297_0000.png,0,11568,0.0409999999999999
/home/wangqianqian/project/FS/data/13JM+CAOV3+MNT1/19/18/cell_1763090294113_912349010008_12493_0100.png,3,34067,0.0409999999999999
/home/wangqianqian/project/FS/data/13JM+CAOV3+MNT1/01/12/cell_1763025142035_912349010008_4296_0100.png,0,16111,0.041
/home/wangqianqian/project/FS/data/13JM+CAOV3+MNT1/01/14/cell_1763025294335_912349010008_5448_0000.png,17,17833,0.041
/home/wangqianqian/project/FS/data/13JM+CAOV3+MNT1/19/22/cell_1763090527746_912349010008_18464_0000.png,16,42055,0.041
/home/wangqianqian/project/FS/data/13JM+CAOV3+MNT1/01/12/cell_1763025129129_912349010008_4188_0000.png,17,15943,0.041
/home/wangqianqian/project/FS/data/13JM+CAOV3+MNT1/19/18/cell_1763090323669_912349010008_13234_0000.png,16,35083,0.041
/home/wangqianqian/project/FS/data/13JM+CAOV3+MNT1/19/19/cell_1763090368093_912349010008_14393_0000.png,1,36654,0.041
/home/wangqianqian/project/FS/data/13JM+CAOV3+MNT1/19/14/cell_1763090043297_912349010008_4746_0000.png,3,23876,0.041
/home/wangqianqian/project/FS/data/13JM+CAOV3+MNT1/19/18/cell_1763090319270_912349010008_13147_0000.png,12,34963,0.041
/home/wangqianqian/project/FS/data/13JM+CAOV3+MNT1/19/20/cell_1763090417280_912349010008_15744_0000.png,2,38439,0.041
/home/wangqianqian/project/FS/data/13JM+CAOV3+MNT1/19/13/cell_1763090019843_912349010008_4075_0000.png,12,23016,0.041
/home/wangqianqian/project/FS/data/13JM+CAOV3+MNT1/19/15/cell_1763090137308_912349010008_8644_0100.png,4,28826,0.041
/home/wangqianqian/project/FS/data/13JM+CAOV3+MNT1/19/13/cell_1763090038463_912349010008_4618_0100.png,2,23711,0.041
/home/wangqianqian/project/FS/data/13JM+CAOV3+MNT1/00/47/cell_1763023674754_912349010008_6543_0000.png,0,8894,0.041
/home/wangqianqian/project/FS/data/13JM+CAOV3+MNT1/00/46/cell_1763023613752_912349010008_6124_0000.png,12,8259,0.041
/home/wangqianqian/project/FS/data/13JM+CAOV3+MNT1/19/13/cell_1763089980109_912349010008_2779_0000.png,12,21276,0.041
/home/wangqianqian/project/FS/data/13JM+CAOV3+MNT1/19/17/cell_1763090278579_912349010008_12231_0000.png,9,33709,0.0419999999999999
/home/wangqianqian/project/FS/data/13JM+CAOV3+MNT1/19/15/cell_1763090113239_912349010008_7919_0100.png,16,27850,0.0419999999999999
/home/wangqianqian/project/FS/data/13JM+CAOV3+MNT1/19/15/cell_1763090145408_912349010008_8870_0000.png,2,29144,0.0419999999999999
/home/wangqianqian/project/FS/data/13JM+CAOV3+MNT1/19/16/cell_1763090205232_912349010008_10356_0000.png,9,31197,0.0419999999999999
/home/wangqianqian/project/FS/data/13JM+CAOV3+MNT1/00/41/cell_1763023294477_912349010008_4627_0000.png,16,5865,0.0419999999999999
/home/wangqianqian/project/FS/data/13JM+CAOV3+MNT1/19/22/cell_1763090562545_912349010008_19601_0000.png,6,43545,0.0419999999999999
/home/wangqianqian/project/FS/data/13JM+CAOV3+MNT1/19/22/cell_1763090567534_912349010008_19755_0000.png,16,43757,0.0419999999999999
/home/wangqianqian/project/FS/data/13JM+CAOV3+MNT1/19/16/cell_1763090204733_912349010008_10340_0000.png,12,31175,0.0419999999999999
/home/wangqianqian/project/FS/data/13JM+CAOV3+MNT1/19/16/cell_1763090199763_912349010008_10185_0000.png,2,30968,0.0419999999999999
/home/wangqianqian/project/FS/data/13JM+CAOV3+MNT1/01/07/cell_1763024861456_912349010008_2584_0100.png,12,13535,0.0419999999999999
/home/wangqianqian/project/FS/data/13JM+CAOV3+MNT1/01/10/cell_1763025036749_912349010008_3610_0000.png,0,15090,0.0419999999999999
/home/wangqianqian/project/FS/data/13JM+CAOV3+MNT1/19/15/cell_1763090139883_912349010008_8709_0100.png,16,28924,0.0419999999999999
/home/wangqianqian/project/FS/data/13JM+CAOV3+MNT1/01/33/cell_1763026417057_912349010008_924_0100.png,17,20395,0.0419999999999999
/home/wangqianqian/project/FS/data/13JM+CAOV3+MNT1/19/13/cell_1763090014782_912349010008_3888_0000.png,9,22764,0.0419999999999999
/home/wangqianqian/project/FS/data/13JM+CAOV3+MNT1/19/20/cell_1763090430617_912349010008_16078_0000.png,4,38886,0.0419999999999999
/home/wangqianqian/project/FS/data/13JM+CAOV3+MNT1/19/13/cell_1763090016046_912349010008_3949_0000.png,16,22845,0.0419999999999999
/home/wangqianqian/project/FS/data/13JM+CAOV3+MNT1/00/37/cell_1763023043729_912349010008_3446_0100.png,17,4037,0.0419999999999999
/home/wangqianqian/project/FS/data/13JM+CAOV3+MNT1/19/13/cell_1763089990503_912349010008_2989_0000.png,1,21561,0.0419999999999999
/home/wangqianqian/project/FS/data/13JM+CAOV3+MNT1/19/23/cell_1763090582342_912349010008_20137_0000.png,12,44281,0.0419999999999999
/home/wangqianqian/project/FS/data/13JM+CAOV3+MNT1/00/31/cell_1763022675941_912349010008_1978_0100.png,14,1730,0.0419999999999999
/home/wangqianqian/project/FS/data/13JM+CAOV3+MNT1/19/13/cell_1763089991714_912349010008_3011_0000.png,9,21591,0.0419999999999999
/home/wangqianqian/project/FS/data/13JM+CAOV3+MNT1/19/24/cell_1763090664296_912349010008_22554_0100.png,6,47576,0.042
/home/wangqianqian/project/FS/data/13JM+CAOV3+MNT1/00/44/cell_1763023479063_912349010008_5510_0100.png,3,7274,0.042
/home/wangqianqian/project/FS/data/13JM+CAOV3+MNT1/19/24/cell_1763090646439_912349010008_21986_0000.png,16,46810,0.042
/home/wangqianqian/project/FS/data/13JM+CAOV3+MNT1/19/13/cell_1763090033273_912349010008_4495_0000.png,16,23548,0.042
/home/wangqianqian/project/FS/data/13JM+CAOV3+MNT1/19/21/cell_1763090518978_912349010008_18263_0000.png,12,41786,0.042
/home/wangqianqian/project/FS/data/13JM+CAOV3+MNT1/19/15/cell_1763090128834_912349010008_8442_0000.png,16,28567,0.042
/home/wangqianqian/project/FS/data/13JM+CAOV3+MNT1/19/16/cell_1763090191535_912349010008_9965_0000.png,16,30658,0.042
/home/wangqianqian/project/FS/data/13JM+CAOV3+MNT1/19/23/cell_1763090620974_912349010008_21330_0000.png,6,45933,0.042
/home/wangqianqian/project/FS/data/13JM+CAOV3+MNT1/00/46/cell_1763023598718_912349010008_6067_0000.png,4,8164,0.042
/home/wangqianqian/project/FS/data/13JM+CAOV3+MNT1/19/20/cell_1763090456882_912349010008_16588_0100.png,6,39575,0.042
/home/wangqianqian/project/FS/data/13JM+CAOV3+MNT1/19/17/cell_1763090242906_912349010008_11287_0000.png,6,32429,0.042
/home/wangqianqian/project/FS/data/13JM+CAOV3+MNT1/19/13/cell_1763090004008_912349010008_3429_0000.png,4,22156,0.042
/home/wangqianqian/project/FS/data/13JM+CAOV3+MNT1/01/08/cell_1763024918304_912349010008_2957_0000.png,12,14096,0.042
/home/wangqianqian/project/FS/data/13JM+CAOV3+MNT1/19/13/cell_1763090010178_912349010008_3706_0100.png,12,22520,0.042
/home/wangqianqian/project/FS/data/13JM+CAOV3+MNT1/19/22/cell_1763090533404_912349010008_18642_0100.png,16,42293,0.042
/home/wangqianqian/project/FS/data/13JM+CAOV3+MNT1/01/04/cell_1763024642128_912349010008_1281_0000.png,3,11544,0.042
/home/wangqianqian/project/FS/data/13JM+CAOV3+MNT1/00/27/cell_1763022455684_912349010008_1231_0100.png,0,542,0.042
/home/wangqianqian/project/FS/data/13JM+CAOV3+MNT1/00/26/cell_1763022406774_912349010008_971_0100.png,17,137,0.042
/home/wangqianqian/project/FS/data/13JM+CAOV3+MNT1/00/45/cell_1763023522825_912349010008_5720_0100.png,15,7611,0.043
/home/wangqianqian/project/FS/data/13JM+CAOV3+MNT1/19/16/cell_1763090191897_912349010008_9980_0000.png,4,30683,0.043
/home/wangqianqian/project/FS/data/13JM+CAOV3+MNT1/19/16/cell_1763090192571_912349010008_9997_0100.png,4,30709,0.043
/home/wangqianqian/project/FS/data/13JM+CAOV3+MNT1/01/06/cell_1763024769034_912349010008_2069_0000.png,17,12718,0.043
/home/wangqianqian/project/FS/data/13JM+CAOV3+MNT1/01/06/cell_1763024805662_912349010008_2289_0000.png,0,13064,0.043
/home/wangqianqian/project/FS/data/13JM+CAOV3+MNT1/19/13/cell_1763090004468_912349010008_3456_0000.png,6,22192,0.043
/home/wangqianqian/project/FS/data/13JM+CAOV3+MNT1/19/19/cell_1763090346897_912349010008_13931_0100.png,2,36027,0.043
/home/wangqianqian/project/FS/data/13JM+CAOV3+MNT1/19/16/cell_1763090196401_912349010008_10098_0000.png,4,30845,0.043
/home/wangqianqian/project/FS/data/13JM+CAOV3+MNT1/19/13/cell_1763090017291_912349010008_3991_0000.png,12,22899,0.043
/home/wangqianqian/project/FS/data/13JM+CAOV3+MNT1/19/15/cell_1763090122826_912349010008_8245_0100.png,4,28286,0.043
/home/wangqianqian/project/FS/data/13JM+CAOV3+MNT1/19/14/cell_1763090049250_912349010008_4866_0000.png,9,24044,0.043
/home/wangqianqian/project/FS/data/13JM+CAOV3+MNT1/01/12/cell_1763025154803_912349010008_4385_0000.png,14,16241,0.043
/home/wangqianqian/project/FS/data/13JM+CAOV3+MNT1/19/17/cell_1763090255595_912349010008_11624_0000.png,16,32894,0.043
/home/wangqianqian/project/FS/data/13JM+CAOV3+MNT1/19/22/cell_1763090564355_912349010008_19666_0000.png,4,43632,0.043
/home/wangqianqian/project/FS/data/13JM+CAOV3+MNT1/19/13/cell_1763090001442_912349010008_3343_0000.png,4,22043,0.043
/home/wangqianqian/project/FS/data/13JM+CAOV3+MNT1/19/23/cell_1763090622274_912349010008_21387_0100.png,16,46007,0.043
/home/wangqianqian/project/FS/data/13JM+CAOV3+MNT1/01/33/cell_1763026415425_912349010008_915_0000.png,0,20380,0.043
/home/wangqianqian/project/FS/data/13JM+CAOV3+MNT1/19/16/cell_1763090197411_912349010008_10127_0100.png,16,30881,0.043
/home/wangqianqian/project/FS/data/13JM+CAOV3+MNT1/19/18/cell_1763090295085_912349010008_12513_0100.png,16,34097,0.043
/home/wangqianqian/project/FS/data/13JM+CAOV3+MNT1/19/16/cell_1763090215756_912349010008_10609_0000.png,14,31537,0.043
/home/wangqianqian/project/FS/data/13JM+CAOV3+MNT1/19/19/cell_1763090382503_912349010008_14690_0100.png,2,37050,0.043
/home/wangqianqian/project/FS/data/13JM+CAOV3+MNT1/19/13/cell_1763089992960_912349010008_3043_0000.png,14,21630,0.043
/home/wangqianqian/project/FS/data/13JM+CAOV3+MNT1/01/03/cell_1763024638043_912349010008_1242_0000.png,15,11488,0.043
/home/wangqianqian/project/FS/data/13JM+CAOV3+MNT1/19/18/cell_1763090324178_912349010008_13244_0000.png,2,35096,0.043
/home/wangqianqian/project/FS/data/13JM+CAOV3+MNT1/19/14/cell_1763090062541_912349010008_6036_0000.png,12,25402,0.043
